id;tenbaibao;phanloai;tenhoithao;namxuatban;thangxuatban;danhmuc;iffff;hindex;xeploai;rankbaibao;volbaibao;sobaibao;ppbaibao;link;ghichu;tacgiachinh;tacgiakhac;tendetai
1;Coordinator Cambridgeshire Investor;43439;dot-com payment Libyan Dinar;86416;19524;23018;Bedfordshire Alaska calculate;Chips;94045;46994;uniform PCI back up;95307;hardware Venezuela Wisconsin;SDD disintermediate reinvent;eco-centric Bedfordshire mesh;Configuration UIC-Franc;Ergonomic Concrete Soap Zambian Kwacha;Concrete Bedfordshire
2;portal calculating Metal;70891;France protocol;41978;81011;25620;Personal Loan Account Sleek Beauty;digital deposit;70196;39678;Unbranded Fresh Pants Tools California;43847;Argentine Peso implementation;Wallis and Futuna;generating;Computers Small Fresh Gloves back-end;interface;compress lavender Investment Account
3;backing up;19438;relationships Philippine Peso;13835;72609;13274;Analyst card Licensed Cotton Ball;mindshare Gorgeous;2535;18433;Refined infomediaries Som;5819;Corporate;Enterprise-wide Benin;Tuna Response invoice;alarm Jamaica;system Gorgeous Rubber Pants;hack
4;leading-edge;9179;Small;31141;85546;97951;Shoes Music connect;Hollow Shoes systems;39850;4805;Web HTTP;26089;Kids Optimization;EXE payment;Checking Account;invoice Outdoors New York;multi-byte Jamaican Dollar North Carolina;Station
5;parsing Investment Account;82042;invoice teal analyzing;21458;10077;37725;Ergonomic Rubber Chicken;Handcrafted Plastic Shirt quantifying;2327;34062;directional Avon Solomon Islands Dollar;34833;Accountability Handmade Cotton Bacon;intermediate Table quantify;Wyoming interface Cotton;quantify;JSON Texas;bandwidth
6;application Configurable iterate;53432;Buckinghamshire monetize;29763;89552;9998;Small Frozen Salad bypassing;time-frame Quality;95060;48252;Borders Practical;9170;Money Market Account;Danish Krone parse;neural Wooden Optimization;Tasty Rubber Car mindshare EXE;bandwidth Liaison;program Auto Loan Account Refined
7;infomediaries;22257;revolutionize;89189;70624;14660;Avon;Planner;37427;86313;SAS User-centric;90769;Pennsylvania dynamic bandwidth;navigate Oklahoma;Triple-buffered array;Bedfordshire Tools;Arizona hack;Fresh payment synthesize
8;Versatile seize;47771;Refined;52837;22359;43633;auxiliary Strategist Arizona;Lead;52770;92464;Senior Optional Yemeni Rial;7543;Tuna magenta;Wells;Naira iterate;Unbranded Plastic Chips Brand Regional;Generic B2B;olive
9;facilitate Persevering;26593;holistic;25994;98621;45324;Beauty dynamic schemas;Pound Sterling Keyboard;91092;7620;Usability models New Mexico;91917;Unbranded SCSI;Rustic Steel Shirt drive;Ways Liaison engage;disintermediate Assistant generating;Practical Steel Shirt Plastic Movies;SMS
10;Zimbabwe parse Customer;58514;capacitor program enhance;24108;45054;20504;User-friendly;Savings Account;22864;87822;calculate Fantastic Concrete Computer Baby;49816;Springs connecting;SAS;Planner Refined;engage Granite Grocery;bluetooth payment digital;Rubber Industrial seamless
