id;madutoan;tendutoan;noidung;sudung
1;auxiliary Liaison;bus withdrawal Toys;Enterprise-wide;19611
2;Avon Checking Account impactful;Salad payment;bandwidth;80531
3;Producer;SAS parsing;Branding Concrete;40639
4;superstructure;Kids;microchip;84812
5;Wooden;North Carolina infomediaries Chief;Money Market Account end-to-end navigating;36305
6;Computers generating;users Guinea;SQL lavender;97454
7;back-end Fresh Missouri;Central digital supply-chains;Bedfordshire;74168
8;Philippine Peso incentivize;Metal;methodologies Granite Corporate;69122
9;Armenian Dram;Global Soft Missouri;Awesome Cotton Tuna;49746
10;microchip Small Wooden;Future;pixel Phased payment;49427
