id;mahoidong;tenhoidong;sudung
1;Yemeni Rial Shoals deposit;navigate Movies;2212
2;framework Buckinghamshire compress;Grocery Ball Wells;94430
3;Practical GB;neural Guinea Franc;22076
4;Licensed Kroon deposit;XSS;96323
5;Grocery;Interactions applications invoice;39759
6;grid-enabled Specialist e-services;program override red;86812
7;array Utah;Neck Liaison;18552
8;SDD;Cheese Summit Saint Martin;1786
9;back-end 4th generation;Principal Savings Account online;48152
10;Rubber;Credit Card Account;24753
