id;manhansu;tennhansu;sdt;email;diachi;namsinh;ngaysinh;sudung
1;Buckinghamshire payment e-markets;paradigms Organic strategic;75784;Adrianna9@gmail.com;Small;31141;2020-07-08;97951
2;Shoes Music connect;Hollow Shoes systems;39850;Levi_White@gmail.com;explicit;1530;2020-07-09;93343
3;Cambridgeshire Norfolk Island;Soap Tasty Metal Sausages Outdoors;58577;Tristian_Schmidt@yahoo.com;North Carolina Granite;81120;2020-07-09;82063
4;Investment Account parsing invoice;black;6936;Baron3@gmail.com;Credit Card Account;33655;2020-07-09;65572
5;generate;Garden open-source hybrid;11816;Maverick_Heidenreich@hotmail.com;Handmade Cotton Bacon Specialist China;42347;2020-07-08;56852
6;Wyoming interface Cotton;quantify;34080;Tomas.MacGyver42@hotmail.com;input compress Fantastic;90255;2020-07-09;50525
7;navigating encoding;Fantastic Small Frozen Salad bypassing;35490;Verna_Wiegand48@gmail.com;Borders Practical;9170;2020-07-09;60244
8;Pakistan;parse;79157;Patricia93@hotmail.com;Associate Designer;5587;2020-07-09;73703
9;Guam bandwidth Liaison;program Auto Loan Account Refined;8410;May39@yahoo.com;International Steel Avon;23322;2020-07-08;58130
10;PCI SAS;Interactions;98600;Nichole_Heller@yahoo.com;Buckinghamshire;37798;2020-07-09;70508
